{"cameraMode":{"drawMode":0,"name":"Shaded","section":"Shading Mode"},"sceneLighting":false,"audioPlay":false,"sceneViewState":{"m_AlwaysRefresh":false,"showFog":true,"showSkybox":false,"showFlares":true,"showImageEffects":true,"showParticleSystems":true,"showVisualEffectGraphs":true,"m_FxEnabled":true},"in2DMode":false,"pivot":{"x":-1.3403677940368653,"y":0.3099762201309204,"z":-1.2704582214355469},"rotation":{"x":0.0891374722123146,"y":0.6435762047767639,"z":-0.07585027813911438,"w":0.7563857436180115},"size":2.0594465732574465,"orthographic":false}