{"cameraMode":{"drawMode":0,"name":"Shaded","section":"Shading Mode"},"sceneLighting":false,"audioPlay":false,"sceneViewState":{"m_AlwaysRefresh":false,"showFog":true,"showSkybox":false,"showFlares":true,"showImageEffects":true,"showParticleSystems":true,"showVisualEffectGraphs":true,"m_FxEnabled":true},"in2DMode":false,"pivot":{"x":25.893062591552736,"y":-0.6499999761581421,"z":53.99408721923828},"rotation":{"x":-0.18629711866378785,"y":0.17577986419200898,"z":-0.03388439118862152,"w":-0.9660675525665283},"size":0.5049751996994019,"orthographic":false}