{"cameraMode":{"drawMode":0,"name":"Shaded","section":"Shading Mode"},"sceneLighting":false,"audioPlay":false,"sceneViewState":{"m_AlwaysRefresh":false,"showFog":true,"showSkybox":false,"showFlares":true,"showImageEffects":true,"showParticleSystems":true,"showVisualEffectGraphs":true,"m_FxEnabled":true},"in2DMode":false,"pivot":{"x":12.248233795166016,"y":-6.589794158935547,"z":2.4601190090179445},"rotation":{"x":0.19327791035175324,"y":0.5731750726699829,"z":-0.14136917889118195,"w":0.7836689949035645},"size":10.044374465942383,"orthographic":false}