{"cameraMode":{"drawMode":0,"name":"Shaded","section":"Shading Mode"},"sceneLighting":true,"audioPlay":false,"sceneViewState":{"m_AlwaysRefresh":false,"showFog":true,"showSkybox":true,"showFlares":true,"showImageEffects":true,"showParticleSystems":true,"showVisualEffectGraphs":true,"m_FxEnabled":true},"in2DMode":false,"pivot":{"x":1.9554049968719483,"y":-8.22426986694336,"z":28.162216186523439},"rotation":{"x":0.1570616513490677,"y":0.03468010202050209,"z":-0.005526912398636341,"w":0.9869775176048279},"size":17.261058807373048,"orthographic":false}