{"cameraMode":{"drawMode":0,"name":"Shaded","section":"Shading Mode"},"sceneLighting":true,"audioPlay":false,"sceneViewState":{"m_AlwaysRefresh":false,"showFog":true,"showSkybox":true,"showFlares":true,"showImageEffects":true,"showParticleSystems":true,"showVisualEffectGraphs":true,"m_FxEnabled":true},"in2DMode":false,"pivot":{"x":12.021577835083008,"y":-6.53718900680542,"z":22.91037940979004},"rotation":{"x":0.12315690517425537,"y":0.35533690452575686,"z":-0.047298088669776919,"w":0.9253955483436585},"size":17.261058807373048,"orthographic":false}